<?xml version="1.0" encoding="UTF-8"?>
<flow xmlns="http://www.springframework.org/schema/webflow"
	xmlns:xsi="http://www.w3.org/2001/XMLSchema-instance"
	xsi:schemaLocation="http://www.springframework.org/schema/webflow
        http://www.springframework.org/schema/webflow/spring-webflow-2.0.xsd">

	<var name="user" class="com.example.j2eeapp.domain.WebmasterEntity"/>

	<view-state id="welcome" view="welcome.xhtml" model="user">
		<transition on="newUser" to="signUp" />
		<transition on="confirmSignIn" to="auth" />
	</view-state>


	<action-state id="auth">
		<evaluate
			expression="userAuthenticationProviderService.processUserAuthentication(user)" />
		<transition on="yes" to="role" />
		<transition on="no" to="Login" />
	</action-state>


	<action-state id="role">
		<evaluate expression="userService.returnrole(user.userName)" />
		<transition on="yes" to="finish" />
		<transition on="no" to="welcome" />
	</action-state>
	
	<end-state id="finish" view="externalRedirect:account" />
	
</flow>