<?xml version="1.0" encoding="UTF-8"?>
<beans xmlns="http://www.springframework.org/schema/beans"
	xmlns:xsi="http://www.w3.org/2001/XMLSchema-instance" xmlns:tx="http://www.springframework.org/schema/tx"
	xmlns:context="http://www.springframework.org/schema/context"
	xsi:schemaLocation="http://www.springframework.org/schema/beans 
	   		http://www.springframework.org/schema/beans/spring-beans.xsd		
	   		http://www.springframework.org/schema/tx 
	   		http://www.springframework.org/schema/tx/spring-tx.xsd
	   		http://www.springframework.org/schema/context 
	   		http://www.springframework.org/schema/context/spring-context-3.1.xsd">
	   		
	<context:property-placeholder location="classpath:datasource.properties" />
	   		
	<bean id="dataSource" class="com.mysql.jdbc.jdbc2.optional.MysqlDataSource">
		<property name="URL" value="${url}" />
		<property name="user" value="${user}" />
		<property name="password" value="${password}" />
	</bean>

	<bean id="entityManagerFactory" class="org.springframework.orm.jpa.LocalContainerEntityManagerFactoryBean">
		<property name="jpaVendorAdapter">
			<bean class="org.springframework.orm.jpa.vendor.HibernateJpaVendorAdapter">
				<property name="showSql" value="true" />
				<property name="generateDdl" value="true" />
				<property name="databasePlatform" value="org.hibernate.dialect.MySQLDialect" />
			</bean>
		</property>
		<property name="dataSource" ref="dataSource" />
	</bean>

	<bean id="transactionManager" class="org.springframework.orm.jpa.JpaTransactionManager">
		<property name="dataSource" ref="dataSource" />
		<property name="entityManagerFactory" ref="entityManagerFactory" />		
	</bean>

	<tx:annotation-driven transaction-manager="transactionManager" />

	<bean
		class="org.springframework.orm.jpa.support.PersistenceAnnotationBeanPostProcessor" />
</beans>