<?xml version="1.0" encoding="UTF-8"?>
<beans xmlns="http://www.springframework.org/schema/beans"
	   xmlns:xsi="http://www.w3.org/2001/XMLSchema-instance"
	   xmlns:security="http://www.springframework.org/schema/security"
	   xsi:schemaLocation="
	   		http://www.springframework.org/schema/beans
	   		http://www.springframework.org/schema/beans/spring-beans-3.2.xsd
	   		http://www.springframework.org/schema/security
	   		http://www.springframework.org/schema/security/spring-security.xsd">
	   		
	<security:http auto-config="true">
		<security:form-login login-page="/app/main" default-target-url="/app/account" />
		<security:logout logout-url="/app/logout" logout-success-url="/app/main" />
	</security:http>
	
	<security:authentication-manager>
		<security:authentication-provider user-service-ref="userService">
			<security:password-encoder hash="md5" />	
		</security:authentication-provider>
	</security:authentication-manager>
	
	<bean id="daoAuthenticationProvider" class="org.springframework.security.authentication.dao.DaoAuthenticationProvider">
		<property name="userDetailsService" ref="userService" />
		<property name="hideUserNotFoundExceptions" value="false" />
	</bean>
	
	<bean id="authenticationManager" class="org.springframework.security.authentication.ProviderManager">
		<constructor-arg>
			<ref local="daoAuthenticationProvider" />
		</constructor-arg>
	</bean>
	
	<bean id="webexpressionHandler" class="org.springframework.security.web.access.expression.DefaultWebSecurityExpressionHandler" /> 
	
	   		
</beans>