<?xml version="1.0" encoding="UTF-8"?>
<beans xmlns="http://www.springframework.org/schema/beans"
	   xmlns:xsi="http://www.w3.org/2001/XMLSchema-instance"
	   xmlns:webflow="http://www.springframework.org/schema/webflow-config"
	   xmlns:faces="http://www.springframework.org/schema/faces"
	   xsi:schemaLocation="
	   		http://www.springframework.org/schema/beans
	   		http://www.springframework.org/schema/beans/spring-beans-3.2.xsd
	   		http://www.springframework.org/schema/webflow-config
	   		http://www.springframework.org/schema/webflow-config/spring-webflow-config.xsd
	   		http://www.springframework.org/schema/faces
	   		http://www.springframework.org/schema/faces/spring-faces.xsd">
	   		
	<bean id="jpaFlowExecutionListener" class="org.springframework.webflow.persistence.JpaFlowExecutionListener">
		<constructor-arg ref="entityManagerFactory" />
		<constructor-arg ref="transactionManager" />
	</bean>
	
	<bean id="facesContextListener" class="org.springframework.faces.webflow.FlowFacesContextLifecycleListener" />
	
	<webflow:flow-executor id="flowExecutor">
		<webflow:flow-execution-listeners>
			<webflow:listener ref="jpaFlowExecutionListener" />
			<webflow:listener ref="facesContextListener"/>
			<webflow:listener ref="securityFlowExecutionListener"/>
		</webflow:flow-execution-listeners>
	</webflow:flow-executor>	   		

	<webflow:flow-registry id="flowRegistry" flow-builder-services="facesFlowBuilderServices" base-path="/WEB-INF/flows">
		<webflow:flow-location-pattern value="/**/*-flow.xml" />
	</webflow:flow-registry>
	
	<faces:flow-builder-services id="facesFlowBuilderServices" development="true" />
	
	<faces:resources />
	
	<bean class="org.springframework.webflow.mvc.servlet.FlowHandlerMapping">
		<property name="order" value="1"/>
		<property name="flowRegistry" ref="flowRegistry" />
		<property name="defaultHandler">
			<bean class="org.springframework.web.servlet.mvc.UrlFilenameViewController" />
		</property>
	</bean>
	
	<bean class="org.springframework.faces.webflow.JsfFlowHandlerAdapter">
		<property name="flowExecutor" ref="flowExecutor" />
	</bean>
	
	<bean id="faceletsViewResolver" class="org.springframework.web.servlet.view.UrlBasedViewResolver">
		<property name="viewClass" value="org.springframework.faces.mvc.JsfView"/>
		<property name="prefix" value="/WEB-INF/" />
		<property name="suffix" value=".xhtml" />
	</bean>
	
	<bean class="org.springframework.web.servlet.mvc.SimpleControllerHandlerAdapter" />
	
	<bean id="securityFlowExecutionListener" class="org.springframework.webflow.security.SecurityFlowExecutionListener" />
	
</beans>